City_ID,City,Lat,Lng,Max Temp,Humidity,Cloudiness,Wind Speed,Country,Date
0,hobart,-42.8794,147.3294,12.37,94,100,2.06,AU,1681413256
1,rikitea,-23.1203,-134.9692,21.94,92,100,2.94,PF,1681413535
2,arraial do cabo,-22.9661,-42.0278,28.98,69,0,7.72,BR,1681413535
3,sitka,57.0531,-135.33,4.94,81,100,3.09,US,1681413535
4,kodiak,57.79,-152.4072,4.73,60,100,3.09,US,1681413535
5,jamestown,42.097,-79.2353,26.8,27,0,6.69,US,1681413535
6,kapaa,22.0752,-159.319,25.05,80,75,6.69,US,1681413535
7,tasiilaq,65.6145,-37.6368,3.09,91,94,0.92,GL,1681413536
8,busselton,-33.65,115.3333,11.12,82,40,7.84,AU,1681413300
9,ponta do sol,32.6667,-17.1,20.4,71,58,2.15,PT,1681413536
10,kirakira,-10.4544,161.9205,26.71,84,99,2.04,SB,1681413536
11,ambositra,-20.5167,47.25,14.92,96,100,0.92,MG,1681413536
12,albany,42.6001,-73.9662,30.23,42,0,5.23,US,1681413182
13,atuona,-9.8,-139.0333,26.65,71,95,2.34,PF,1681413537
14,dikson,73.5069,80.5464,-21.7,100,100,5.87,RU,1681413537
15,vaini,-21.2,-175.2,26.09,83,20,3.09,TO,1681413537
16,rocha,-34.4833,-54.3333,18.5,41,7,5.02,UY,1681413537
17,ushuaia,-54.8,-68.3,8.79,66,0,1.54,AR,1681413320
18,bodden town,19.2833,-81.25,30.0,62,20,4.12,KY,1681413538
19,urucui,-7.2294,-44.5561,32.96,43,100,2.28,BR,1681413538
20,hengshui,37.7322,115.7011,16.38,43,97,3.61,CN,1681413538
21,lodeynoye pole,60.726,33.5531,-1.5,87,13,5.04,RU,1681413538
22,narsaq,60.9167,-46.05,10.12,78,100,0.28,GL,1681413539
23,sorland,67.667,12.6934,5.92,77,27,9.24,NO,1681413539
24,itupiranga,-5.1347,-49.3267,30.18,68,89,1.41,BR,1681413539
25,punta arenas,-53.15,-70.9167,8.01,65,0,3.09,CL,1681413539
26,butaritari,3.0707,172.7902,27.18,81,75,5.46,KI,1681413539
27,geraldton,-28.7667,114.6,18.23,68,75,10.29,AU,1681413539
28,boma,7.0805,-2.1697,24.98,85,73,1.92,GH,1681413540
29,hithadhoo,-0.6,73.0833,28.55,70,25,2.92,MV,1681413540
30,save,8.0425,2.486,31.93,50,21,5.3,BJ,1681413540
31,clyde river,70.4692,-68.5914,-11.87,67,75,7.72,CA,1681413353
32,rudbar,30.15,62.6,29.82,13,28,2.68,AF,1681413540
33,verkhoyansk,67.5447,133.385,-18.09,100,92,0.91,RU,1681413540
34,bredasdorp,-34.5322,20.0403,16.47,69,0,6.13,ZA,1681413540
35,chuy,-33.6971,-53.4616,18.06,49,20,5.61,UY,1681413541
36,port elizabeth,-33.918,25.5701,17.4,73,0,10.29,ZA,1681413541
37,pendleton,45.6721,-118.7886,10.13,50,20,4.12,US,1681413426
38,sao joao da barra,-21.6403,-41.0511,29.05,82,23,6.09,BR,1681413541
39,portland,45.5234,-122.6762,11.38,67,100,2.24,US,1681413288
40,dalton,34.7698,-84.9702,20.96,80,100,4.63,US,1681413328
41,vire,48.9167,-0.8333,7.66,89,100,3.06,FR,1681413542
42,praia da vitoria,38.7333,-27.0667,19.14,77,40,5.88,PT,1681413542
43,porto novo,6.4965,2.6036,29.9,80,20,3.48,BJ,1681413543
44,katsuura,35.1333,140.3,16.64,67,64,6.72,JP,1681413543
45,cabo san lucas,22.8909,-109.9124,29.61,30,20,7.72,MX,1681413485
46,gamba,-2.65,10.0,26.71,85,100,2.67,GA,1681413543
47,provideniya,64.3833,-173.3,-17.87,88,8,2.0,RU,1681413543
48,saskylakh,71.9167,114.0833,-26.69,100,51,2.37,RU,1681413543
49,carnarvon,-24.8667,113.6333,21.44,63,70,12.58,AU,1681413544
50,hay river,60.8156,-115.7999,-1.02,80,40,7.2,CA,1681413544
51,egvekinot,66.3167,-179.1667,-21.55,86,15,2.89,RU,1681413544
52,limon,10.0,-83.0333,30.03,70,0,4.12,CR,1681413544
53,hermanus,-34.4187,19.2345,17.11,80,0,5.54,ZA,1681413544
54,cape town,-33.9258,18.4232,19.1,66,40,2.06,ZA,1681413343
55,evensk,61.95,159.2333,-14.32,79,1,5.32,RU,1681413545
56,tuy hoa,13.0833,109.3,25.17,90,100,1.37,VN,1681413545
57,port alfred,-33.5906,26.891,15.66,91,14,6.15,ZA,1681413545
58,hovd,48.0056,91.6419,-0.41,32,7,3.12,MN,1681413545
59,padang,-0.9492,100.3543,25.43,89,100,1.14,ID,1681413545
60,new norfolk,-42.7826,147.0587,12.18,89,78,0.43,AU,1681413545
61,bluff,-46.6,168.3333,11.56,79,22,7.9,NZ,1681413546
62,gigmoto,13.7796,124.39,25.66,86,89,0.76,PH,1681413546
63,georgetown,5.4112,100.3354,28.96,84,20,1.03,MY,1681413292
64,cairns,-16.9167,145.7667,25.04,97,67,0.51,AU,1681413546
65,bowen,-20.0167,148.2333,23.45,90,0,2.19,AU,1681413546
66,avera,33.194,-82.5271,19.03,66,100,6.36,US,1681413546
67,veraval,20.9,70.3667,27.3,63,100,6.01,IN,1681413547
68,mataura,-46.1927,168.8643,11.38,88,12,3.56,NZ,1681413547
69,qasigiannguit,68.8193,-51.1922,-2.86,86,100,0.62,GL,1681413547
70,yima,34.7381,111.8839,14.67,78,95,4.83,CN,1681413547
71,ostrovnoy,68.0531,39.5131,-9.2,82,13,6.44,RU,1681413548
72,bardiyah,31.7561,25.0865,16.6,76,0,2.36,LY,1681413548
73,vao,-22.6667,167.4833,23.38,90,100,0.71,NC,1681413548
74,kruisfontein,-34.0033,24.7314,15.1,79,0,5.35,ZA,1681413549
75,thompson,55.7435,-97.8558,4.09,65,75,2.06,CA,1681413324
76,mar del plata,-38.0023,-57.5575,16.72,56,40,7.72,AR,1681413549
77,diamantino,-14.4086,-56.4461,29.63,68,97,1.37,BR,1681413549
78,ust-tsilma,65.441,52.1498,-17.47,99,61,1.4,RU,1681413549
79,tsabong,-26.0217,22.401,22.04,11,0,5.29,BW,1681413550
80,pevek,69.7008,170.3133,-17.37,96,97,0.67,RU,1681413550
81,chokurdakh,70.6333,147.9167,-19.53,97,100,2.26,RU,1681413550
82,fort nelson,58.8053,-122.7002,7.77,36,20,5.14,CA,1681413341
83,codrington,-38.2667,141.9667,11.85,95,2,3.84,AU,1681413550
84,naze,28.3667,129.4833,19.51,91,74,5.59,JP,1681413551
85,kaeo,-35.1,173.7833,17.4,96,32,2.79,NZ,1681413551
86,anadyr,64.75,177.4833,-22.72,77,0,4.0,RU,1681413551
87,bambous virieux,-20.3428,57.7575,25.12,94,20,1.54,MU,1681413551
88,pisco,-13.7,-76.2167,30.03,54,0,8.23,PE,1681413552
89,castro,-24.7911,-50.0119,25.52,49,17,0.62,BR,1681413552
90,sergeyevka,53.88,67.4158,8.35,49,97,3.86,KZ,1681413552
91,escarcega,18.6089,-90.7454,37.69,27,13,0.98,MX,1681413552
92,leningradskiy,69.3833,178.4167,-23.63,96,81,2.21,RU,1681413553
93,la asuncion,11.0333,-63.8628,29.85,62,81,8.23,VE,1681413553
94,yibin,28.7667,104.6238,19.66,90,100,1.56,CN,1681413553
95,san andres,12.5847,-81.7006,31.01,62,40,7.2,CO,1681413553
96,mahebourg,-20.4081,57.7,25.14,94,20,1.54,MU,1681413553
97,fairbanks,64.8378,-147.7164,-9.32,79,40,0.45,US,1681413553
98,tigzirt,36.8886,4.1198,13.3,78,100,0.84,DZ,1681413554
99,aklavik,68.2191,-135.0107,-17.0,60,75,3.09,CA,1681413554
100,vila do maio,15.1333,-23.2167,25.44,80,95,4.67,CV,1681413554
101,tuktoyaktuk,69.4541,-133.0374,-21.0,77,75,3.6,CA,1681413554
102,san patricio,28.017,-97.5169,27.87,43,5,4.82,US,1681413554
103,ulaanbaatar,47.9077,106.8832,-13.93,78,0,1.0,MN,1681413555
104,nome,64.5011,-165.4064,-19.91,83,0,0.0,US,1681413502
105,barrow,71.2906,-156.7887,-21.99,77,20,3.6,US,1681413555
106,khatanga,71.9667,102.5,-14.09,83,100,7.4,RU,1681413555
107,talnakh,69.4865,88.3972,-24.38,98,100,3.42,RU,1681413555
108,baruun-urt,46.6806,113.2792,1.79,57,100,6.01,MN,1681413556
109,upernavik,72.7868,-56.1549,-7.11,86,100,2.07,GL,1681413556
110,ilhabela,-23.7781,-45.3581,25.81,79,2,1.68,BR,1681413556
111,imbituba,-28.24,-48.6703,27.14,84,58,5.25,BR,1681413556
112,irara,-12.05,-38.7667,27.17,71,54,4.77,BR,1681413556
113,mount holly,35.2982,-81.0159,27.3,31,75,4.12,US,1681413557
114,sistranda,63.7256,8.834,7.98,72,100,14.61,NO,1681413557
115,oromocto,45.8351,-66.4792,19.08,27,75,5.81,CA,1681413557
116,airai,-8.9266,125.4092,15.77,94,48,0.86,TL,1681413557
117,pangnirtung,66.1451,-65.7125,-8.0,73,75,1.54,CA,1681413558
118,tra vinh,9.9347,106.3453,26.3,80,90,1.66,VN,1681413558
119,lucea,18.451,-78.1736,29.92,68,19,2.69,JM,1681413558
120,vostok,46.4856,135.8833,-4.5,98,43,1.03,RU,1681413558
121,gat,31.61,34.7642,14.38,100,0,1.9,IL,1681413420
122,ucluelet,48.9329,-125.5528,8.38,77,83,0.89,CA,1681413558
123,lavrentiya,65.5833,-171.0,-19.94,87,14,3.14,RU,1681413559
124,zhezkazgan,47.8043,67.7144,13.56,35,100,5.14,KZ,1681413559
125,hasaki,35.7333,140.8333,14.56,70,18,8.42,JP,1681413559
126,lebu,-37.6167,-73.65,15.57,82,55,3.12,CL,1681413559
127,pochutla,15.7432,-96.4661,31.57,40,10,4.76,MX,1681413559
128,cidreira,-30.1811,-50.2056,19.57,84,100,5.32,BR,1681413292
129,port blair,11.6667,92.75,27.06,76,26,1.64,IN,1681413560
130,lompoc,34.6391,-120.4579,19.27,57,20,7.72,US,1681413533
131,cayenne,4.9333,-52.3333,27.02,89,75,1.54,GF,1681413560
132,falmouth,50.1544,-5.0711,9.32,79,75,5.66,GB,1681413560
133,husavik,66.0449,-17.3389,3.25,90,100,2.73,IS,1681413561
134,hualmay,-11.0964,-77.6139,26.53,69,37,5.77,PE,1681413561
135,ayni,39.3941,68.5377,14.4,44,16,3.25,TJ,1681413561
136,okhotsk,59.3833,143.3,-8.9,90,100,3.65,RU,1681413561
137,yellowknife,62.456,-114.3525,-3.71,80,100,3.6,CA,1681413561
138,guangyuan,32.442,105.823,15.58,79,100,2.56,CN,1681413561
139,faanui,-16.4833,-151.75,27.46,72,16,4.29,PF,1681413562
140,nong chik,6.8436,101.178,25.43,91,37,2.12,TH,1681413562
141,coquimbo,-29.9533,-71.3436,18.85,72,0,5.14,CL,1681413300
142,el colomo,19.05,-104.25,26.99,44,0,3.93,MX,1681413562
143,havre-saint-pierre,50.2334,-63.5986,2.2,80,100,6.69,CA,1681413562
144,gusinoye ozero,51.1144,106.2614,-6.14,59,2,1.09,RU,1681413562
145,bethel,41.3712,-73.414,31.86,30,0,7.2,US,1681413517
146,taganak,6.0833,118.3,25.08,72,92,3.42,PH,1681413563
147,vallenar,-28.5708,-70.7581,27.91,26,0,5.13,CL,1681413563
148,tarauaca,-8.1614,-70.7656,31.76,56,100,2.27,BR,1681413296
149,reidsville,36.3549,-79.6645,28.31,24,0,0.0,US,1681413563
150,nikolskoye,59.7035,30.7861,3.94,71,100,4.8,RU,1681413563
151,fontem,5.4685,9.8818,21.62,85,3,0.23,CM,1681413564
152,emerald,-23.5333,148.1667,16.68,39,0,3.96,AU,1681413528
153,kuusamo,65.9667,29.1833,-4.98,68,0,2.57,FI,1681413564
154,klaksvik,62.2266,-6.589,8.51,83,100,6.22,FO,1681413564
155,killybegs,54.6333,-8.45,8.84,72,62,6.12,IE,1681413565
156,yuksekova,37.5736,44.2872,1.86,87,75,4.12,TR,1681413565
157,tamiahua,21.2667,-97.45,25.88,69,99,4.83,MX,1681413565
158,ambilobe,-13.2,49.05,22.77,95,12,1.4,MG,1681413565
159,najran,17.4924,44.1277,21.36,43,32,0.9,SA,1681413566
160,thunder bay,48.4001,-89.3168,7.99,76,75,3.09,CA,1681413566
161,menongue,-14.6585,17.691,19.14,72,95,2.21,AO,1681413566
162,bastia,42.6667,9.3333,13.89,47,75,8.75,FR,1681413566
163,puerto ayora,-0.7393,-90.3518,31.98,86,100,3.13,EC,1681413567
164,marawi,7.9986,124.2928,20.54,95,10,1.05,PH,1681413567
165,nouadhibou,20.931,-17.0347,24.99,57,75,3.6,MR,1681413567
166,taksimo,56.3444,114.8794,-6.64,84,99,1.48,RU,1681413567
167,nelson bay,-32.7167,152.15,20.0,90,41,5.81,AU,1681413568
168,tocopilla,-22.092,-70.1979,22.53,70,56,3.44,CL,1681413568
169,bud,39.447,-86.1758,26.92,28,0,2.28,US,1681413568
170,kavieng,-2.5744,150.7967,28.1,78,50,5.51,PG,1681413568
171,guerrero negro,27.9769,-114.0611,17.44,56,14,7.58,MX,1681413568
172,mao,39.8885,4.2658,13.31,58,0,3.6,ES,1681413569
173,colac,-38.3333,143.5833,14.91,96,25,2.72,AU,1681413569
174,zhigansk,66.7697,123.3711,-9.2,94,99,3.13,RU,1681413569
175,kieta,-6.2167,155.6333,25.54,86,100,2.01,PG,1681413569
176,chara,56.9064,118.2631,-8.21,86,100,1.03,RU,1681413569
177,sumenep,-7.0167,113.8667,25.85,85,51,2.33,ID,1681413570
178,pontes e lacerda,-15.2261,-59.3353,28.5,82,67,0.72,BR,1681413570
179,puerto escondido,15.85,-97.0667,31.46,66,20,3.6,MX,1681413570
180,chekhov,55.1431,37.4711,11.16,61,100,7.2,RU,1681413570
181,riverton,40.5219,-111.9391,4.76,87,100,5.66,US,1681413320
182,ngunut,-8.1058,112.0159,23.94,89,100,2.18,ID,1681413571
183,saldanha,-33.0117,17.9442,16.37,80,59,3.48,ZA,1681413571
184,dingle,10.9995,122.6711,24.1,89,100,0.95,PH,1681413571
185,esperance,-33.8667,121.9,15.69,74,100,12.8,AU,1681413572
186,fortuna,40.5982,-124.1573,12.74,64,17,1.34,US,1681413572
187,cam ranh,11.9214,109.1591,27.98,83,40,1.03,VN,1681413572
188,karla,59.3723,24.9275,6.19,68,0,6.69,EE,1681413572
189,maputo,-25.9653,32.5892,26.82,70,20,6.17,MZ,1681413572
190,muncar,-8.4333,114.3333,24.44,90,100,1.85,ID,1681413573
191,nanortalik,60.1432,-45.2371,1.79,82,100,1.68,GL,1681413573
192,hilo,19.7297,-155.09,22.93,92,100,3.09,US,1681413407
193,victoria,22.2855,114.1577,24.07,89,89,3.7,HK,1681413522
194,avarua,-21.2078,-159.775,27.03,65,100,3.09,CK,1681413574
195,acajutla,13.5928,-89.8275,30.64,61,73,5.79,SV,1681413574
196,tessalit,20.1986,1.0114,31.37,9,100,4.74,ML,1681413574
197,porterville,36.0652,-119.0168,16.51,51,75,2.57,US,1681413349
198,hwange,-18.3693,26.5019,21.8,46,0,2.07,ZW,1681413575
199,bonavista,48.6499,-53.1147,-0.2,97,100,8.23,CA,1681413575
200,serenje,-13.2325,30.2352,16.09,98,35,2.06,ZM,1681413575
201,manokwari,-0.8667,134.0833,25.78,78,10,1.27,ID,1681413398
202,college,64.8569,-147.8028,-9.33,80,40,0.0,US,1681413575
203,zabol,32.25,67.25,17.22,22,0,4.82,AF,1681413578
204,terrace bay,48.7834,-87.1,6.09,89,100,2.6,CA,1681413578
205,sao jose da coroa grande,-8.8978,-35.1478,27.4,65,100,4.11,BR,1681413578
206,semey,50.4111,80.2275,8.28,46,100,3.59,KZ,1681413578
207,luba,3.4568,8.5547,26.94,83,47,3.74,GQ,1681413491
208,antofagasta,-23.65,-70.4,20.96,74,36,4.52,CL,1681413291
209,touros,-5.1989,-35.4608,27.71,76,100,5.99,BR,1681413579
210,tuatapere,-46.1333,167.6833,9.63,95,67,1.89,NZ,1681413579
211,fandriana,-20.2333,47.3833,15.49,97,100,0.45,MG,1681413580
212,lorengau,-2.0226,147.2712,27.48,81,97,5.72,PG,1681413580
213,bathsheba,13.2167,-59.5167,29.34,58,20,8.23,BB,1681413580
214,clevelandia,-26.3958,-52.4708,23.75,61,100,1.98,BR,1681413581
215,poum,-20.2333,164.0167,24.08,93,100,4.06,NC,1681413581
216,port macquarie,-31.4333,152.9167,15.5,84,81,5.44,AU,1681413351
217,carutapera,-1.195,-46.02,28.84,73,99,3.55,BR,1681413581
218,surgut,61.25,73.4167,-16.9,71,0,5.0,RU,1681413581
219,mahibadhoo,3.7833,72.9667,28.7,75,18,2.9,MV,1681413582
220,kuching,1.55,110.3333,27.79,88,20,1.03,MY,1681413582
221,lusaka,-15.4067,28.2871,20.2,70,99,2.75,ZM,1681413582
222,ordynskoye,54.3656,81.8994,4.43,79,100,3.16,RU,1681413582
223,vila velha,-20.3297,-40.2925,27.97,81,20,5.14,BR,1681413583
224,brae,60.3964,-1.353,6.62,88,100,6.74,GB,1681413583
225,banda aceh,5.5577,95.3222,26.77,81,87,1.61,ID,1681413583
226,san jose,37.3394,-121.895,18.05,31,20,6.26,US,1681413014
227,le port,-20.9373,55.2919,26.0,93,48,2.37,RE,1681413583
228,pacific grove,36.6177,-121.9166,16.8,58,0,4.47,US,1681413584
229,palana,59.1167,159.9667,-16.34,89,84,3.6,RU,1681413584
230,loreto,22.2667,-101.9667,24.86,12,100,8.56,MX,1681413430
231,cap-aux-meules,47.3821,-61.8597,7.03,61,20,4.12,CA,1681413540
232,bibiani,6.4635,-2.3194,25.63,83,85,1.22,GH,1681413584
233,warwick,41.7001,-71.4162,32.69,31,0,9.77,US,1681413585
234,qaanaaq,77.484,-69.3632,-12.07,84,5,0.79,GL,1681413585
235,los llanos de aridane,28.6585,-17.9182,18.96,84,75,7.2,ES,1681413585
236,benguela,-12.5763,13.4055,26.13,87,99,3.13,AO,1681413585
237,road town,18.4167,-64.6167,28.05,65,20,4.12,VG,1681412968
238,saint-philippe,-21.3585,55.7679,25.77,81,38,1.28,RE,1681413585
239,mindelo,16.8901,-24.9804,24.75,61,20,7.72,CV,1681413586
240,flinders,-34.5833,150.8552,16.21,90,36,1.79,AU,1681413586
241,yunguyo,-16.25,-69.0833,12.24,50,9,5.17,PE,1681413586
242,yar-sale,66.8333,70.8333,-18.08,91,77,7.92,RU,1681413586
243,te anau,-45.4167,167.7167,7.97,95,41,0.79,NZ,1681413586
244,toora-khem,52.4675,96.11,-5.11,87,100,0.95,RU,1681413587
245,zyryanka,65.75,150.85,-22.21,100,73,2.7,RU,1681413587
246,walvis bay,-22.9575,14.5053,16.42,65,0,6.81,NA,1681413587
247,suzhou,31.3114,120.6181,15.47,98,100,1.87,CN,1681413587
248,kousseri,12.0769,15.0306,32.39,13,2,5.88,CM,1681413588
249,ilulissat,69.2167,-51.1,-2.99,93,100,3.09,GL,1681413588
250,nishihara,26.1842,127.7558,22.6,94,100,4.63,JP,1681413588
251,severo-kurilsk,50.6789,156.125,-1.49,88,7,1.37,RU,1681413588
252,porbandar,21.6422,69.6093,26.49,68,0,4.59,IN,1681413470
253,porto calvo,-9.045,-35.3983,27.48,65,100,3.72,BR,1681413588
254,belgrade,44.804,20.4651,15.79,55,0,4.63,RS,1681413303
255,lagoa,39.05,-27.9833,16.69,82,100,5.51,PT,1681413589
256,sesheke,-17.4759,24.2968,21.39,34,22,0.78,ZM,1681413589
257,asau,46.4333,26.4,7.51,81,17,1.25,RO,1681413589
258,hambantota,6.1241,81.1185,26.63,83,27,2.63,LK,1681413590
259,jacareacanga,-6.2222,-57.7528,33.86,46,100,0.73,BR,1681413590
260,ola,59.5833,151.2833,-7.14,75,100,4.6,RU,1681413590
261,kawalu,-7.3817,108.2082,22.36,97,100,0.78,ID,1681413590
262,yuli,9.6989,10.2744,32.42,15,85,2.28,NG,1681413347
263,kailua,21.4022,-157.7394,26.99,74,100,4.63,US,1681413591
264,aktau,43.65,51.2,12.32,90,100,7.99,KZ,1681413591
265,east london,-33.0153,27.9116,19.34,60,98,4.73,ZA,1681413591
266,khash,28.2211,61.2158,22.04,27,4,3.22,IR,1681413591
267,saint anthony,45.0205,-93.218,29.03,32,0,8.23,US,1681413592
268,khandbari,27.3747,87.2039,20.01,28,3,1.99,NP,1681413592
269,awjilah,29.1081,21.2869,23.28,13,0,3.09,LY,1681413592
270,inhambane,-23.865,35.3833,22.77,79,0,4.2,MZ,1681413592
271,palmer,42.1584,-72.3287,31.78,25,0,5.14,US,1681413592
272,gizo,-8.103,156.8419,26.05,86,100,7.9,SB,1681413593
273,olden,61.8364,6.8064,12.41,88,71,2.93,NO,1681413593
274,ulladulla,-35.35,150.4667,14.32,88,99,5.04,AU,1681413593
275,charlestown,-32.95,151.6667,18.16,97,94,2.24,AU,1681413593
276,tiksi,71.6872,128.8694,-15.76,87,100,1.92,RU,1681413593
277,acapulco,16.8634,-99.8901,30.9,58,40,5.66,MX,1681413360
278,woodward,36.4337,-99.3904,29.57,33,0,9.26,US,1681413594
279,kanniyakumari,8.0833,77.5667,28.06,77,28,3.0,IN,1681413594
280,kiama,-34.6833,150.8667,17.22,93,40,1.34,AU,1681413595
281,dongying,37.4564,118.4856,17.89,77,95,0.89,CN,1681413595
282,cockburn town,21.4612,-71.1419,25.89,76,91,5.6,TC,1681413487
283,gladstone,-23.85,151.25,15.96,59,0,1.54,AU,1681413595
284,tabou,4.423,-7.3528,27.69,81,16,3.8,CI,1681413595
285,torbay,47.6666,-52.7314,2.99,96,100,5.14,CA,1681413595
286,kortkeros,61.8106,51.5806,-8.0,90,8,2.85,RU,1681413596
287,qianan,44.9932,124.0581,3.32,37,2,1.94,CN,1681413596
288,pareora,-44.4871,171.2132,12.88,97,100,5.62,NZ,1681413596
289,longyearbyen,78.2186,15.6401,-0.09,86,75,2.06,SJ,1681413596
290,santa fe,-31.6333,-60.7,21.67,50,91,4.02,AR,1681413316
291,fare,-16.7,-151.0167,27.42,69,15,4.56,PF,1681413597
292,moose factory,51.2585,-80.6094,6.0,65,75,6.69,CA,1681413597
293,takoradi,4.8845,-1.7554,27.68,81,3,4.04,GH,1681413342
294,malakal,9.5334,31.6605,32.25,15,89,2.03,SS,1681413597
295,grand gaube,-20.0064,57.6608,25.21,84,0,1.11,MU,1681413598
296,tijucas,-27.2414,-48.6336,28.26,70,0,5.05,BR,1681413598
297,sao filipe,14.8961,-24.4956,23.3,78,93,2.9,CV,1681413598
298,yulara,-25.2406,130.9889,24.78,43,100,4.42,AU,1681413598
299,melo,-32.3667,-54.1833,21.35,33,100,2.46,UY,1681413598
300,kingisepp,59.3733,28.6134,6.06,68,100,5.44,RU,1681413599
301,chicama,-7.8447,-79.1469,28.72,64,98,4.57,PE,1681413599
302,tambacounda,13.7539,-13.7586,40.03,18,0,4.12,SN,1681413599
303,constitucion,-35.3333,-72.4167,16.8,70,64,3.1,CL,1681413599
304,hamilton,39.1834,-84.5333,27.89,27,0,2.57,US,1681413556
305,macae,-22.3708,-41.7869,27.89,76,15,3.6,BR,1681412948
306,mananjary,-21.2167,48.3333,24.21,83,99,0.34,MG,1681413600
307,makakilo city,21.3469,-158.0858,26.18,63,0,5.14,US,1681413600
308,hailar,49.2,119.7,-1.85,67,0,1.87,CN,1681413600
309,shingu,33.7333,135.9833,11.23,68,100,2.14,JP,1681413600
310,port augusta,-32.5,137.7667,14.46,63,9,2.18,AU,1681413601
311,mormugao,15.4,73.8,27.41,82,98,1.72,IN,1681413601
312,alugan,12.2188,125.4808,25.37,90,29,2.19,PH,1681413601
313,harper,4.375,-7.7169,27.7,79,40,3.83,LR,1681413601
314,buritis,-15.6178,-46.4233,29.26,55,99,1.27,BR,1681413602
315,chimoio,-19.1164,33.4833,21.92,83,20,0.97,MZ,1681413602
316,hofn,64.2539,-15.2082,6.34,76,100,6.46,IS,1681413602
317,kaitangata,-46.2817,169.8464,14.96,73,98,5.62,NZ,1681413602
318,sao gabriel da cachoeira,-0.1303,-67.0892,32.89,66,40,1.03,BR,1681413603
319,ahuimanu,21.4447,-157.8378,26.84,71,100,5.14,US,1681413603
320,ballina,-28.8667,153.5667,13.77,83,52,4.87,AU,1681413604
321,port-gentil,-0.7193,8.7815,27.98,89,40,2.57,GA,1681413334
322,la ronge,55.1001,-105.2842,10.12,31,20,4.12,CA,1681413604
323,chapais,49.7834,-74.8492,16.88,92,100,5.74,CA,1681413604
324,suoyarvi,62.0833,32.35,-4.04,85,12,4.34,RU,1681413604
325,gboko,7.3179,8.9951,34.19,36,0,2.74,NG,1681413605
326,margate,51.3813,1.3862,7.95,69,25,1.34,GB,1681413605
327,gravelbourg,49.8834,-106.5512,1.15,68,100,5.34,CA,1681413605
328,lamar,33.6668,-95.5836,24.38,49,75,2.06,US,1681413605
329,karwar,14.8,74.1333,26.3,85,97,0.2,IN,1681413605
330,chufarovo,54.0963,47.3367,7.4,64,100,11.43,RU,1681413606
331,nantucket,41.2835,-70.0995,24.08,55,0,6.17,US,1681413606
332,oktyabrskoye,43.0645,44.7417,8.08,87,100,3.0,RU,1681413606
333,san javier,37.8063,-0.8374,20.32,62,0,3.09,ES,1681413606
334,payson,40.0444,-111.7321,4.34,78,100,10.29,US,1681413607
335,nemuro,43.3236,145.575,4.28,82,0,9.6,JP,1681413607
336,zhicheng,30.2956,111.5047,21.15,88,100,1.56,CN,1681413607
337,bandarbeyla,9.4942,50.8122,28.51,75,89,3.96,SO,1681413607
338,mount gambier,-37.8333,140.7667,11.63,95,3,2.08,AU,1681413608
339,puerto leguizamo,-0.1934,-74.7819,30.27,68,95,0.84,CO,1681413608
340,gimli,50.6336,-96.9907,4.01,65,100,6.69,CA,1681413493
341,broken hill,-31.95,141.4333,12.35,81,1,1.66,AU,1681413609
342,san policarpo,12.1791,125.5072,25.62,90,28,2.27,PH,1681413609
343,sorong,-0.8833,131.25,27.39,82,69,4.93,ID,1681413609
344,aquin,18.2833,-73.4,27.66,69,60,3.14,HT,1681413609
345,presevo,42.3092,21.6492,15.22,73,100,2.61,RS,1681413609
346,vila franca do campo,37.7167,-25.4333,17.23,79,55,3.3,PT,1681413610
347,tacoronte,28.4769,-16.4102,17.41,74,20,6.69,ES,1681413610
348,anshun,26.25,105.9333,17.37,92,70,2.01,CN,1681413610
349,muros,42.7762,-9.0603,13.38,88,100,6.94,ES,1681413611
350,port hardy,50.6996,-127.4199,7.1,70,100,4.12,CA,1681413333
351,quatre cocos,-20.2078,57.7625,25.05,81,0,1.0,MU,1681413611
352,seoul,37.5683,126.9778,10.76,58,0,3.09,KR,1681413611
353,kentau,43.5206,68.5094,22.18,26,68,3.76,KZ,1681413612
354,myitkyina,25.3833,97.4,21.97,34,0,0.79,MM,1681413612
355,vanimo,-2.6741,141.3028,24.9,87,84,2.44,PG,1681413612
356,goderich,43.7501,-81.7165,23.18,38,7,6.17,CA,1681413613
357,miri,4.4148,114.0089,25.24,85,100,0.92,MY,1681413483
358,pathalgaon,22.5667,83.4667,28.17,19,97,1.28,IN,1681413613
359,amarkantak,22.6667,81.75,24.79,25,70,1.95,IN,1681413612
360,sayansk,54.1088,102.1648,-3.58,58,70,4.15,RU,1681413614
361,bulgan,48.8125,103.5347,-7.36,67,11,0.92,MN,1681413614
362,semme,46.1963,1.5007,5.23,97,100,3.67,FR,1681413614
363,norman wells,65.282,-126.8329,-10.98,73,100,3.6,CA,1681413615
364,bilibino,68.0546,166.4372,-23.57,98,86,1.45,RU,1681413615
365,mbanza-ngungu,-5.25,14.8667,21.37,85,22,1.05,CD,1681413615
366,deming,32.2687,-107.7586,25.94,9,0,9.26,US,1681413615
367,sao felix do xingu,-6.6447,-51.995,29.59,69,67,0.93,BR,1681413616
368,salinopolis,-0.6136,-47.3561,28.61,73,94,3.93,BR,1681413616
369,linguere,15.3953,-15.1193,37.04,23,84,5.63,SN,1681413616
370,kropotkin,45.4375,40.5756,9.22,81,100,10.69,RU,1681413616
371,praya,14.9215,-23.5087,25.3,61,81,7.2,CV,1681413616
372,sibolga,1.7427,98.7792,24.68,91,58,1.25,ID,1681413616
373,goure,13.9835,10.2704,28.63,12,39,4.12,NE,1681413617
374,kavaratti,10.5669,72.642,28.76,74,100,2.83,IN,1681413617
375,kasongo,-4.45,26.6667,21.52,97,78,1.26,CD,1681413617
376,sept-iles,50.2001,-66.3821,5.0,71,75,2.57,CA,1681413617
377,robore,-18.3333,-59.75,33.05,58,40,7.72,BO,1681413618
378,aleksandrov gay,50.147,48.5704,14.27,69,100,12.18,RU,1681413618
379,laguna,38.421,-121.4238,17.4,31,0,6.17,US,1681413618
380,calvinia,-31.4707,19.776,13.23,86,68,3.42,ZA,1681413619
381,arlit,18.7369,7.3853,31.07,10,5,2.59,NE,1681413578
382,beloha,-25.1667,45.05,21.08,87,15,3.5,MG,1681413620
383,khasan,42.4308,130.6434,6.45,58,4,2.5,RU,1681413621
384,havoysund,70.9963,24.6622,2.13,76,9,3.99,NO,1681413621
385,sulangan,11.1373,123.7228,27.76,74,7,1.33,PH,1681413621
386,byron bay,-28.65,153.6167,13.73,82,20,5.16,AU,1681413622
387,daru,-9.0763,143.2092,24.52,88,87,1.6,PG,1681413622
388,ambikapur,23.1167,83.2,26.31,21,99,0.78,IN,1681413552
389,ayan,56.45,138.1667,-4.68,67,100,5.35,RU,1681413622
390,santa rosa,14.3122,121.1114,23.99,96,100,1.25,PH,1681412987
391,cloquet,46.7216,-92.4594,16.66,33,0,6.69,US,1681413623
392,saint-louis,16.3333,-15.0,35.72,26,49,3.81,SN,1681413623
393,kotli loharan,32.5883,74.4932,26.94,48,99,1.79,PK,1681413623
394,porto de moz,-1.7483,-52.2383,27.95,86,100,1.04,BR,1681413624
395,labuhan,-6.8844,112.2051,25.12,86,76,5.06,ID,1681413368
396,lebedinyy,58.5167,125.5167,-10.09,99,100,0.78,RU,1681413624
397,meulaboh,4.1363,96.1285,25.5,86,100,1.33,ID,1681413624
398,rabo de peixe,37.8,-25.5833,16.73,82,20,4.12,PT,1681413625
399,kysyl-syr,63.8986,122.7617,-16.62,99,92,0.83,RU,1681413625
400,san carlos de bariloche,-41.1456,-71.3082,10.86,58,75,2.06,AR,1681413622
401,pachino,36.7186,15.0907,15.88,78,100,6.78,IT,1681413626
402,vagay,57.9375,69.0217,-9.31,65,60,5.07,RU,1681413626
403,katiola,8.1333,-5.1,31.07,39,11,1.22,CI,1681413626
404,baker city,44.7749,-117.8344,6.84,44,0,4.12,US,1681413626
405,abu zabad,12.35,29.25,27.94,13,0,4.5,SD,1681413626
406,kirkwall,58.9848,-2.9587,6.03,87,75,2.57,GB,1681413627
407,marau,-28.4492,-52.2,23.97,72,100,2.05,BR,1681413627
408,vitim,59.4511,112.5578,-16.88,99,53,1.4,RU,1681413627
409,comodoro rivadavia,-45.8667,-67.5,9.92,50,0,2.57,AR,1681413351
410,morant bay,17.8815,-76.4093,30.39,67,36,4.9,JM,1681413628
411,nalvo,16.8096,120.5108,24.2,89,100,0.68,PH,1681413628
412,vanavara,60.34,102.2797,-2.56,85,100,5.39,RU,1681413628
413,cicero dantas,-10.6,-38.3833,26.07,71,100,5.06,BR,1681413572
414,sobolevo,54.4299,31.8996,10.09,66,100,2.89,RU,1681413628
415,lyman,48.9884,37.8023,9.01,94,100,2.92,UA,1681413629
416,champerico,14.3,-91.9167,33.3,59,18,5.66,GT,1681413629
417,talcahuano,-36.7167,-73.1167,15.82,82,100,3.6,CL,1681413630
418,aykhal,66.0,111.5,-15.53,100,100,3.98,RU,1681413630
419,sembe,1.6481,14.5806,23.64,87,68,1.07,CG,1681413630
420,ribeira grande,38.5167,-28.7,17.65,88,75,5.81,PT,1681413630
421,sola,-13.8833,167.55,27.36,77,100,3.37,VU,1681413631
422,yumen,40.2833,97.2,6.64,34,100,5.21,CN,1681413631
423,oyama,36.3,139.8,16.99,65,6,1.33,JP,1681413632
424,saint-pierre,-21.3393,55.4781,25.82,78,20,2.06,RE,1681413632
425,korla,41.7597,86.1469,12.63,33,3,2.36,CN,1681413632
426,dauriya,49.9333,116.8667,0.13,52,88,3.27,RU,1681413632
427,lata,40.1629,-8.3327,13.93,73,89,3.35,PT,1681413633
428,mahanje,-9.9333,35.3333,18.48,97,96,0.32,TZ,1681413633
429,beringovskiy,63.05,179.3167,-19.43,94,60,2.6,RU,1681413633
430,aracaju,-10.9111,-37.0717,27.97,74,75,5.66,BR,1681413084
431,itarema,-2.9248,-39.9167,26.83,85,100,5.28,BR,1681413633
432,manaia,-39.55,174.1333,14.49,93,100,4.06,NZ,1681413633
433,zharkent,44.1628,80.0,14.06,29,19,2.48,KZ,1681413634
434,kosh-agach,50.0,88.6667,-11.83,86,11,1.11,RU,1681413634
435,bhum,18.4667,75.6667,28.59,39,100,7.0,IN,1681413635
436,mazamari,-11.3258,-74.5308,30.86,53,89,1.5,PE,1681413635
437,dehloran,32.6941,47.2679,17.65,47,30,2.54,IR,1681413635
438,rockport,28.0206,-97.0544,27.24,64,0,6.17,US,1681412995
439,mezen,65.8522,44.24,-15.57,97,11,0.67,RU,1681413636
440,namibe,-15.1961,12.1522,23.45,72,57,5.67,AO,1681413636
441,grand-santi,4.25,-54.3833,28.31,82,100,1.61,GF,1681413636
442,zheshart,62.0731,49.5733,-9.88,85,8,3.06,RU,1681413636
443,bindi,9.9167,-11.45,33.92,20,65,1.65,SL,1681413637
444,iqaluit,63.7506,-68.5145,-7.15,79,100,1.34,CA,1681413637
445,campos,-21.75,-41.3,29.03,61,20,7.72,BR,1681413538
446,carbonia,39.1672,8.5222,12.78,70,24,6.22,IT,1681413526
447,fengzhen,40.4394,113.1536,6.33,32,100,5.99,CN,1681413637
448,datia,25.6667,78.4667,31.25,19,93,3.36,IN,1681413637
449,mackenzie,55.2999,-123.1698,1.12,75,100,2.57,CA,1681413638
450,ascension,30.2169,-90.9001,21.22,58,75,3.6,US,1681413638
451,cedar city,37.6775,-113.0619,15.78,33,75,0.0,US,1681413543
452,buzmeyin,38.0507,58.2056,24.85,36,100,10.29,TM,1681413638
453,awbari,26.5921,12.7805,23.42,10,2,5.13,LY,1681413638
454,isangel,-19.55,169.2667,26.21,88,100,3.84,VU,1681413639
455,ulcinj,41.9294,19.2244,16.12,78,51,2.5,ME,1681413639
456,hobyo,5.3505,48.5268,28.69,72,90,5.39,SO,1681413639
457,huarmey,-10.0681,-78.1522,27.36,70,42,5.87,PE,1681413639
458,shalya,57.2471,58.7298,-5.55,67,100,5.38,RU,1681413639
459,puerto del rosario,28.5004,-13.8627,19.86,73,20,10.8,ES,1681413640
460,yarmouth,41.7057,-70.2286,28.41,51,0,6.17,US,1681413640
461,cuamba,-14.8031,36.5372,19.83,97,70,0.92,MZ,1681413640
462,pasighat,28.0667,95.3333,22.75,55,15,1.65,IN,1681413640
463,qandala,11.472,49.8728,29.58,68,39,4.64,SO,1681413641
464,mayo,38.8876,-76.5119,31.95,27,0,4.63,US,1681413641
465,ust-omchug,61.15,149.6333,-20.75,91,100,2.14,RU,1681413641
466,beisfjord,68.3751,17.5988,7.03,67,4,4.66,NO,1681413641
467,murwillumbah,-28.3167,153.4,14.01,82,0,0.0,AU,1681413642
468,sao miguel,-5.4667,-35.3667,29.43,75,85,6.47,BR,1681413077
469,kahului,20.8947,-156.47,24.36,69,40,7.2,US,1681413642
470,taseyevo,57.2169,94.8978,1.39,88,98,4.31,RU,1681413642
471,jaten,-7.5772,110.8975,23.93,88,100,3.57,ID,1681413642
472,ambovombe,-25.1667,46.0833,22.65,85,34,4.78,MG,1681413643
473,cotonou,6.3654,2.4183,29.99,74,40,5.66,BJ,1681413643
474,beidao,34.5686,105.8933,14.27,43,100,3.84,CN,1681413643
475,marijampole,54.5667,23.35,8.38,95,95,2.86,LT,1681413643
476,nakusp,50.2499,-117.8023,8.19,66,54,1.54,CA,1681413643
477,nizhnevartovsk,60.9344,76.5531,-18.88,78,0,2.0,RU,1681413644
478,povoa de varzim,41.3834,-8.7636,14.26,72,75,2.06,PT,1681413644
479,singaraja,-8.112,115.0882,26.48,84,100,2.05,ID,1681413644
480,oleksandrivka,48.9634,32.2349,8.89,96,100,2.79,UA,1681413644
481,puerto baquerizo moreno,-0.9,-89.6,29.55,79,40,2.57,EC,1681413644
482,roma,43.2128,-75.4557,28.08,30,0,6.17,US,1681413603
483,port hawkesbury,45.6169,-61.3485,12.71,48,0,5.81,CA,1681413590
484,clovis,36.8252,-119.7029,16.45,44,20,4.63,US,1681413645
485,samarai,-10.6167,150.6667,26.92,77,100,4.1,PG,1681413645
486,apartado,7.883,-76.6259,29.68,78,98,3.13,CO,1681413645
487,ormond beach,29.2858,-81.0559,32.28,75,40,5.14,US,1681413389
488,san francisco,37.7749,-122.4194,18.51,40,20,6.17,US,1681413485
489,porto uniao,-26.2381,-51.0783,26.21,45,91,0.92,BR,1681413646
490,darnah,32.767,22.6367,17.29,57,0,2.35,LY,1681413646
491,mogadishu,2.0371,45.3438,28.07,72,100,5.16,SO,1681413646
492,vardo,70.3705,31.1107,-2.01,69,0,11.83,NO,1681413646
493,palmares,-8.6833,-35.5917,27.55,62,75,3.92,BR,1681413646
494,ossora,59.2353,163.0719,-10.57,96,100,2.12,RU,1681413647
495,jiupu,41.0667,122.95,10.89,58,99,2.11,CN,1681413647
496,mukdahan,16.5833,104.5,27.87,62,100,2.04,TH,1681413647
497,pombos,-8.1414,-35.3958,26.64,64,100,4.55,BR,1681413647
498,filingue,14.3521,3.3168,33.61,12,100,2.26,NE,1681413648
499,mount isa,-20.7333,139.5,21.87,33,87,0.0,AU,1681413648
500,deputatskiy,69.3,139.9,-19.23,99,100,0.61,RU,1681413648
501,masuguru,-11.3667,38.4167,22.38,97,50,1.28,TZ,1681413648
502,kolokani,13.5728,-8.0339,33.65,14,100,3.81,ML,1681413648
503,ancud,-41.8697,-73.8203,15.89,55,6,1.2,CL,1681413649
504,tame,6.461,-71.73,35.91,30,100,1.89,CO,1681413649
505,luderitz,-26.6481,15.1594,16.06,70,7,6.36,NA,1681413649
506,cabedelo,-6.9811,-34.8339,29.37,69,95,5.29,BR,1681413649
507,labelle,26.7617,-81.4384,30.59,37,85,6.17,US,1681413650
508,capoeiras,-8.7347,-36.6267,23.59,68,100,4.19,BR,1681413650
509,necochea,-38.5473,-58.7368,13.89,55,100,9.25,AR,1681413650
510,san vicente,-26.6167,-54.1333,19.04,95,100,1.68,AR,1681413650
511,mikhaylovka,50.06,43.2379,11.55,74,100,9.64,RU,1681413650
512,parrita,9.5201,-84.3225,31.34,58,16,3.99,CR,1681413651
513,clarence town,-32.5833,151.7833,19.92,96,98,1.23,AU,1681413651
514,cherskiy,68.75,161.3,-27.25,100,62,1.58,RU,1681413651
515,alofi,-19.0595,-169.9187,26.94,78,98,4.63,NU,1681413651
516,surskoye,54.4821,46.7214,7.02,63,100,8.96,RU,1681413652
517,taujica,15.7,-85.9167,29.73,30,98,3.81,HN,1681413652
518,sivas,39.7916,37.0019,3.35,80,75,3.09,TR,1681413652
519,kathu,7.9178,98.3332,27.9,81,30,4.39,TH,1681413652
520,almaznyy,48.0448,40.045,8.39,91,100,6.75,RU,1681413652
521,beyneu,45.3167,55.2,23.02,43,100,4.91,KZ,1681413653
522,yashkul,46.1711,45.3435,11.28,74,100,13.07,RU,1681413653
523,yamada,39.4667,141.95,7.14,60,7,3.02,JP,1681413653
524,linxia,35.6003,103.2064,4.5,89,100,0.94,CN,1681413653
525,mabaruma,8.2,-59.7833,30.18,58,84,3.9,GY,1681413654
526,tahe,52.3333,124.7333,-3.96,97,100,1.41,CN,1681413654
527,bosaso,11.2842,49.1816,28.94,54,81,3.17,SO,1681413654
528,leh,34.1667,77.5833,-5.43,46,2,1.6,IN,1681413654
529,vysotskoye,45.025,42.9064,8.2,74,100,11.26,RU,1681413654
530,taoudenni,22.6783,-3.9836,31.68,7,7,2.72,ML,1681413655
531,arzgir,45.3728,44.2206,11.42,69,100,11.86,RU,1681413655
532,saint george,37.1041,-113.5841,22.19,28,20,4.12,US,1681413405
533,pemangkat,1.1667,108.9667,25.21,80,5,1.02,ID,1681413655
534,kenai,60.5544,-151.2583,2.05,87,100,5.66,US,1681413655
535,tokonou,9.65,-9.7833,31.4,19,38,1.77,GN,1681413656
536,paciran,-6.8767,112.3761,25.17,86,67,5.15,ID,1681413656
537,cabinda,-5.55,12.2,26.65,79,18,2.33,AO,1681413656
538,puyang,29.4603,119.8861,16.02,93,100,1.07,CN,1681413656
539,carros,43.7894,7.184,11.83,69,40,6.17,FR,1681413656
540,kampot,10.6167,104.1833,27.1,85,100,2.41,KH,1681413656
541,marshall,34.3834,-86.3333,23.17,70,75,5.36,US,1681413656
542,coihaique,-45.5752,-72.0662,16.34,35,0,4.12,CL,1681413657
543,kharan,28.5833,65.4167,29.02,11,0,3.17,PK,1681413657
544,abha,18.2164,42.5053,16.9,82,0,4.12,SA,1681413657
545,aswan,24.0934,32.907,22.61,20,0,3.6,EG,1681413657
546,umm lajj,25.0213,37.2685,21.52,47,0,7.23,SA,1681413657
547,hirara,24.8,125.2833,23.15,94,100,4.12,JP,1681413658
548,chandbali,20.7833,86.7667,28.75,56,0,4.57,IN,1681413658
549,rapid valley,44.0625,-103.1463,9.02,61,0,3.09,US,1681413658
550,quang ngai,15.1167,108.8,24.22,96,41,1.75,VN,1681413658
551,keetmanshoop,-26.5833,18.1333,20.57,20,84,4.79,NA,1681413658
552,moramanga,-18.9333,48.2,18.11,99,100,0.85,MG,1681413659
553,the pas,53.8251,-101.2541,9.01,40,75,2.06,CA,1681413659
554,ocos,14.5094,-92.1933,34.1,60,43,5.21,GT,1681413659
555,henties bay,-22.116,14.2845,15.29,82,0,3.76,NA,1681413659
556,wanning,18.8003,110.3967,24.41,92,79,3.18,CN,1681413659
557,hami,42.8,93.45,11.83,31,100,0.24,CN,1681413660
558,tessaoua,13.7574,7.9874,30.33,12,100,4.14,NE,1681413660
559,vyartsilya,62.1764,30.693,-2.91,85,19,4.22,RU,1681413660
